City_ID,City,Country,Lat,Lng,Max Temp,Humidity,Cloudiness,Wind Speed,Current Description
0,Lavrentiya,RU,65.5833,-171.0,17.71,79,100,4.25,overcast clouds
1,Kandrian,PG,-6.2167,149.55,75.61,89,89,4.03,overcast clouds
2,Port Elizabeth,ZA,-33.918,25.5701,64.69,82,0,20.71,clear sky
3,Saskylakh,RU,71.9167,114.0833,-11.4,90,100,10.18,overcast clouds
4,Ahipara,NZ,-35.1667,173.1667,62.31,77,26,5.57,scattered clouds
5,Bluff,NZ,-46.6,168.3333,58.8,77,51,11.72,broken clouds
6,Rikitea,PF,-23.1203,-134.9692,74.52,82,100,15.14,overcast clouds
7,Punta Arenas,CL,-53.15,-70.9167,66.22,51,75,11.5,broken clouds
8,Aasiaat,GL,68.7098,-52.8699,16.27,99,99,2.62,overcast clouds
9,Jamestown,US,42.097,-79.2353,36.99,66,100,7.0,overcast clouds
10,Tiksi,RU,71.6872,128.8694,-10.95,93,100,15.75,overcast clouds
11,Hilo,US,19.7297,-155.09,77.25,75,75,5.75,broken clouds
12,Bethel,US,41.3712,-73.414,46.02,48,0,8.01,clear sky
13,Chelno-Vershiny,RU,54.4333,51.1,24.1,68,100,18.95,overcast clouds
14,Butaritari,KI,3.0707,172.7902,79.75,81,90,10.02,overcast clouds
15,Wisconsin Rapids,US,44.3836,-89.8174,32.29,63,100,8.05,overcast clouds
16,Faya,SA,18.3851,42.4509,60.91,69,20,2.24,few clouds
17,Elat,IL,29.5581,34.9482,76.84,53,88,4.61,overcast clouds
18,Ostrovnoy,RU,68.0531,39.5131,28.51,92,92,5.3,overcast clouds
19,Hobart,AU,-42.8794,147.3294,44.46,90,100,12.66,shower rain
20,Pisco,PE,-13.7,-76.2167,69.03,73,100,6.91,overcast clouds
21,Cape Town,ZA,-33.9258,18.4232,69.1,49,0,4.61,clear sky
22,Upernavik,GL,72.7868,-56.1549,21.97,91,100,19.44,light snow
23,Khash,IR,28.2211,61.2158,55.83,43,26,4.72,scattered clouds
24,Portland,US,45.5234,-122.6762,53.69,65,0,10.0,clear sky
25,Port Alfred,ZA,-33.5906,26.891,66.18,79,23,8.01,few clouds
26,Albany,US,42.6001,-73.9662,41.45,44,4,3.0,clear sky
27,Hamilton,US,39.1834,-84.5333,45.9,55,40,10.36,scattered clouds
28,Georgetown,MY,5.4112,100.3354,76.95,99,40,0.0,scattered clouds
29,Axim,GH,4.8699,-2.2405,79.29,82,100,6.67,overcast clouds
30,Sola,VU,-13.8833,167.55,80.71,70,0,1.5,clear sky
31,Leonidovo,RU,49.2833,142.8667,21.38,79,95,3.22,overcast clouds
32,Ibarra,EC,0.35,-78.1167,69.82,67,72,2.73,light rain
33,Hofn,IS,64.2539,-15.2082,44.62,93,100,10.36,overcast clouds
34,Kaitangata,NZ,-46.2817,169.8464,54.48,89,100,3.8,overcast clouds
35,Vaini,TO,-21.2,-175.2,75.36,88,75,5.75,broken clouds
36,Homer,US,59.6425,-151.5483,40.89,71,75,5.99,broken clouds
37,Bredasdorp,ZA,-34.5322,20.0403,62.82,73,100,3.04,overcast clouds
38,Sri Aman,MY,1.2376,111.4621,75.25,94,100,0.0,overcast clouds
39,Pangnirtung,CA,66.1451,-65.7125,4.98,88,85,4.25,overcast clouds
40,Teknaf,BD,20.8624,92.3058,69.49,84,0,7.61,clear sky
41,Dera Bugti,PK,29.0307,69.151,63.55,48,0,6.78,clear sky
42,Tomatlan,MX,19.9333,-105.25,85.64,54,100,4.25,overcast clouds
43,Torbay,CA,47.6666,-52.7314,42.76,98,100,23.02,moderate rain
44,Iranshahr,IR,27.2025,60.6848,70.14,35,0,0.0,clear sky
45,Kendal,GB,54.3268,-2.7476,54.59,95,100,4.16,overcast clouds
46,Williams Lake,CA,52.1415,-122.1445,24.37,93,20,3.44,few clouds
47,Ushuaia,AR,-54.8,-68.3,62.22,71,40,4.61,scattered clouds
48,Iqaluit,CA,63.7506,-68.5145,13.73,85,75,20.71,light snow
49,Omsukchan,RU,62.5333,155.8,-10.52,76,9,2.93,clear sky
50,Avarua,CK,-21.2078,-159.775,75.25,57,99,12.66,overcast clouds
51,Barrow,US,71.2906,-156.7887,12.22,85,100,13.8,overcast clouds
52,Chuy,UY,-33.6971,-53.4616,66.83,78,91,16.31,overcast clouds
53,Castro,BR,-24.7911,-50.0119,73.24,71,92,10.07,overcast clouds
54,Saint-Pierre,RE,-21.3393,55.4781,71.91,73,75,14.97,broken clouds
55,Thompson,CA,55.7435,-97.8558,15.96,79,20,2.3,few clouds
56,Mahebourg,MU,-20.4081,57.7,75.49,60,75,9.22,light intensity shower rain
57,Dikson,RU,73.5069,80.5464,1.47,94,100,18.95,overcast clouds
58,Palana,RU,59.1167,159.9667,13.21,68,100,10.29,overcast clouds
59,Sao Gabriel Da Cachoeira,BR,-0.1303,-67.0892,93.0,59,75,3.44,broken clouds
60,Port Blair,IN,11.6667,92.75,78.84,89,100,0.0,mist
61,Kahului,US,20.8947,-156.47,78.96,72,40,10.36,scattered clouds
62,Mount Gambier,AU,-37.8333,140.7667,48.25,60,100,9.62,overcast clouds
63,Husavik,IS,66.0449,-17.3389,41.68,93,100,7.11,light rain
64,Pamplona,ES,42.8169,-1.6432,57.97,88,75,4.61,broken clouds
65,Yulara,AU,-25.2406,130.9889,63.28,36,0,11.05,clear sky
66,Guerrero Negro,MX,27.9769,-114.0611,68.97,37,56,2.57,broken clouds
67,Ewo,CG,-0.8725,14.8206,76.82,78,97,4.99,light rain
68,Mayor Pablo Lagerenza,PY,-19.9309,-60.7718,92.97,34,27,5.01,scattered clouds
69,Puerto Ayora,EC,-0.7393,-90.3518,76.96,83,39,7.0,scattered clouds
70,Constitucion,CL,-35.3333,-72.4167,66.81,62,9,17.27,clear sky
71,New Norfolk,AU,-42.7826,147.0587,44.1,86,100,1.99,light rain
72,Charters Towers,AU,-20.1,146.2667,72.59,80,100,5.44,overcast clouds
73,Taoudenni,ML,22.6783,-3.9836,82.13,13,100,11.7,overcast clouds
74,Kodiak,US,57.79,-152.4072,26.11,93,0,5.75,clear sky
75,Trairi,BR,-3.2778,-39.2689,83.19,68,95,12.91,overcast clouds
76,Miraflores,MX,19.2167,-98.8083,77.97,33,23,4.41,few clouds
77,Te Anau,NZ,-45.4167,167.7167,55.35,73,100,5.01,light rain
78,Dinghai,CN,26.2847,119.7936,65.32,91,100,12.03,overcast clouds
79,Seoul,KR,37.5683,126.9778,42.24,87,20,2.3,few clouds
80,Mataura,NZ,-46.1927,168.8643,58.48,77,6,3.27,clear sky
81,Kopervik,NO,59.2835,5.3067,53.91,93,100,4.61,mist
82,Arraial Do Cabo,BR,-22.9661,-42.0278,85.96,74,0,18.41,clear sky
83,Saint-Philippe,RE,-21.3585,55.7679,71.19,79,94,15.93,light rain
84,Cutlerville,US,42.8409,-85.6636,39.22,61,100,8.05,overcast clouds
85,Airai,TL,-8.9266,125.4092,61.38,87,42,1.72,scattered clouds
86,Port Said,EG,31.2565,32.2841,71.58,68,20,9.22,few clouds
87,Byron Bay,AU,-28.65,153.6167,62.71,76,0,7.7,clear sky
88,Hermanus,ZA,-34.4187,19.2345,64.8,67,100,3.89,overcast clouds
89,Mayo,US,38.8876,-76.5119,50.2,47,0,5.75,clear sky
90,Urumqi,CN,43.801,87.6005,27.55,93,0,2.24,clear sky
91,Biak,ID,-0.9131,122.8766,76.98,81,100,1.72,overcast clouds
92,Souillac,MU,-20.5167,57.5167,75.58,60,75,9.22,light intensity shower rain
93,Urubicha,BO,-15.3833,-62.95,91.53,42,95,2.15,heavy intensity rain
94,Salinopolis,BR,-0.6136,-47.3561,82.71,73,37,11.12,scattered clouds
95,Lebu,CL,-37.6167,-73.65,61.27,78,88,8.1,overcast clouds
96,Atuona,PF,-9.8,-139.0333,77.13,80,12,18.32,few clouds
97,Haines Junction,CA,60.7522,-137.5108,37.35,81,67,5.75,broken clouds
98,Digby,CA,44.6169,-65.7655,39.58,68,100,21.56,overcast clouds
99,Banda Aceh,ID,5.5577,95.3222,78.01,81,100,4.65,overcast clouds
100,Witu,KE,-2.3889,40.4382,80.76,85,100,5.35,overcast clouds
101,Alice Springs,AU,-23.7,133.8833,58.55,63,16,6.91,few clouds
102,Cabedelo,BR,-6.9811,-34.8339,84.87,71,46,12.12,scattered clouds
103,Skjervoy,NO,70.0311,20.9714,39.2,69,100,15.19,overcast clouds
104,Hithadhoo,MV,-0.6,73.0833,81.86,76,100,15.77,overcast clouds
105,Morondava,MG,-20.2833,44.2833,81.05,78,98,13.11,light rain
106,Viedma,AR,-40.8135,-62.9967,78.03,22,100,14.18,overcast clouds
107,Montrose,US,38.4166,-108.2673,24.73,42,83,10.69,broken clouds
108,Pimentel,PE,-6.8367,-79.9342,73.69,60,20,16.11,few clouds
109,Ekhabi,RU,53.5102,142.9671,22.55,95,100,5.88,light snow
110,Chapais,CA,49.7834,-74.8492,24.58,85,100,10.25,overcast clouds
111,Mar Del Plata,AR,-38.0023,-57.5575,60.87,95,100,19.57,drizzle
112,Tasiilaq,GL,65.6145,-37.6368,29.73,97,100,2.51,overcast clouds
113,East London,ZA,-33.0153,27.9116,67.14,77,0,13.8,clear sky
114,Pitimbu,BR,-7.4706,-34.8086,84.79,71,31,12.08,scattered clouds
115,Abu Dhabi,AE,24.4667,54.3667,84.22,58,0,4.61,clear sky
116,San Andres,CO,12.5847,-81.7006,84.22,79,75,16.11,broken clouds
117,Hobyo,SO,5.3505,48.5268,80.6,69,10,13.42,clear sky
118,Luderitz,NA,-26.6481,15.1594,62.04,86,0,4.92,clear sky
119,Bambanglipuro,ID,-7.95,110.2833,74.37,92,100,2.01,overcast clouds
120,Klaksvik,FO,62.2266,-6.589,50.92,93,100,29.12,light rain
121,Camacha,PT,33.0833,-16.3333,65.62,83,20,4.61,few clouds
122,Caravelas,BR,-17.7125,-39.2481,81.28,70,15,12.12,few clouds
123,Tuatapere,NZ,-46.1333,167.6833,56.93,74,100,7.16,overcast clouds
124,La Asuncion,VE,11.0333,-63.8628,82.49,76,100,14.03,light rain
125,Sambava,MG,-14.2667,50.1667,73.94,85,23,6.49,few clouds
126,Talnakh,RU,69.4865,88.3972,-24.21,87,31,4.05,scattered clouds
127,Lorengau,PG,-2.0226,147.2712,81.48,79,100,5.75,overcast clouds
128,Salalah,OM,17.0151,54.0924,78.89,65,0,4.61,clear sky
129,Canita,PA,9.2097,-78.8811,79.66,91,100,6.58,moderate rain
130,Agirish,RU,61.9247,63.0231,5.45,93,100,12.26,overcast clouds
131,Victoria,HK,22.2855,114.1577,76.32,79,100,10.0,overcast clouds
132,Bakong,CM,5.0935,10.4852,64.42,84,95,2.57,overcast clouds
133,Yellowknife,CA,62.456,-114.3525,21.72,93,100,4.61,overcast clouds
134,Tuktoyaktuk,CA,69.4541,-133.0374,19.4,93,100,13.8,light snow
135,Alofi,NU,-19.0595,-169.9187,76.89,88,75,9.22,broken clouds
136,Tecoanapa,MX,16.5167,-98.75,84.61,68,24,8.95,few clouds
137,Bambous Virieux,MU,-20.3428,57.7575,75.45,60,75,9.22,light intensity shower rain
138,South Houston,US,29.663,-95.2355,66.97,91,100,14.97,light rain
139,Bereda,ES,43.2686,-7.5406,54.57,88,100,10.63,overcast clouds
140,Miri,MY,4.4148,114.0089,75.34,94,40,2.3,light rain
141,Boyolangu,ID,-8.1181,111.8935,74.52,96,100,1.95,overcast clouds
142,Atar,MR,20.5169,-13.0499,84.42,15,26,11.79,scattered clouds
143,Moron,AR,-34.6534,-58.6198,74.8,62,76,13.65,broken clouds
144,Nakamura,JP,32.9833,132.9333,50.79,76,100,4.61,overcast clouds
145,Esperance,AU,-33.8667,121.9,54.18,85,33,8.7,scattered clouds
146,Sorong,ID,-0.8833,131.25,79.0,86,68,6.64,broken clouds
147,Kapaa,US,22.0752,-159.319,77.09,86,20,13.8,few clouds
148,Faanui,PF,-16.4833,-151.75,77.97,81,100,10.31,light rain
149,Falmouth,GB,50.1544,-5.0711,56.66,86,75,18.41,broken clouds
150,Provideniya,RU,64.3833,-173.3,22.5,89,100,7.23,overcast clouds
151,Qaanaaq,GL,77.484,-69.3632,-6.09,68,14,6.82,few clouds
152,Sitka,US,57.0531,-135.33,46.29,76,100,12.66,moderate rain
153,Norman Wells,CA,65.282,-126.8329,14.04,85,75,4.61,broken clouds
154,Hay River,CA,60.8156,-115.7999,17.58,93,75,8.05,broken clouds
155,Konde,TZ,-4.95,39.75,77.2,82,4,3.49,clear sky
156,Cayenne,GF,4.9333,-52.3333,87.84,62,75,14.97,broken clouds
157,Khatanga,RU,71.9667,102.5,-15.0,97,100,12.71,overcast clouds
158,Wenzhou,CN,27.9994,120.6668,60.08,90,100,2.64,overcast clouds
159,Asau,RO,46.4333,26.4,42.28,92,46,1.48,scattered clouds
160,Busselton,AU,-33.65,115.3333,51.84,82,0,11.88,clear sky
161,Yeppoon,AU,-23.1333,150.7333,71.38,89,0,3.15,clear sky
162,Solotcha,RU,54.7917,39.8442,29.5,73,7,9.28,clear sky
163,Yumen,CN,40.2833,97.2,32.04,34,57,4.76,broken clouds
164,San Patricio,US,28.017,-97.5169,78.66,82,100,9.42,overcast clouds
165,Mojoagung,ID,-7.5667,112.35,76.08,94,100,3.29,overcast clouds
166,Katsuura,JP,35.1333,140.3,59.4,75,100,13.76,overcast clouds
167,Abu Samrah,SY,35.3029,37.1841,65.28,48,30,6.13,scattered clouds
168,Kavaratti,IN,10.5669,72.642,80.33,79,94,11.92,overcast clouds
169,Kalemie,CD,-5.9475,29.1947,71.28,79,52,2.28,broken clouds
170,Vila Velha,BR,-20.3297,-40.2925,84.15,82,40,20.71,very heavy rain
171,Xichang,CN,27.8964,102.2634,49.51,80,0,1.32,clear sky
172,Ornskoldsvik,SE,63.2909,18.7153,38.35,93,75,5.75,broken clouds
173,Leningradskiy,RU,69.3833,178.4167,10.98,87,100,4.85,overcast clouds
174,Codrington,AU,-38.2667,141.9667,48.94,61,100,17.09,overcast clouds
175,Balkhash,KZ,46.844,74.9804,41.56,90,100,20.96,overcast clouds
176,Qiongshan,CN,20.0058,110.3542,75.18,94,75,8.95,mist
177,Hami,CN,42.8,93.45,36.18,42,100,5.28,overcast clouds
178,Pesqueria,MX,25.7833,-100.05,83.19,43,0,3.42,clear sky
179,Hurghada,EG,27.2574,33.8129,75.24,50,0,13.8,clear sky
180,Moerai,PF,-22.4333,-151.3333,69.08,77,100,12.1,overcast clouds
181,Nago,JP,26.5881,127.9761,70.23,80,100,10.0,overcast clouds
182,Ponta Delgada,PT,37.7333,-25.6667,68.5,94,75,13.8,light intensity drizzle
183,Samarai,PG,-10.6167,150.6667,81.54,78,62,7.14,broken clouds
184,Nome,US,64.5011,-165.4064,6.87,78,0,0.0,clear sky
185,Daru,PG,-9.0763,143.2092,79.48,85,100,6.55,overcast clouds
186,Jiutai,CN,44.1525,125.8328,21.54,94,5,3.6,clear sky
187,Zaraza,VE,9.3503,-65.3245,84.58,70,100,3.09,overcast clouds
188,Baykit,RU,61.67,96.37,-5.13,97,97,3.89,overcast clouds
189,Clyde River,CA,70.4692,-68.5914,-1.97,84,20,10.36,few clouds
190,Hibbing,US,47.4272,-92.9377,24.57,74,100,9.22,overcast clouds
191,Bowen,AU,-20.0167,148.2333,76.32,78,43,3.87,scattered clouds
192,College,US,64.8569,-147.8028,27.59,91,100,4.61,light snow
193,Miranda De Ebro,ES,42.6865,-2.947,57.99,65,100,11.43,overcast clouds
194,Manokwari,ID,-0.8667,134.0833,79.05,79,100,6.13,overcast clouds
195,Baker City,US,44.7749,-117.8344,44.64,80,100,10.36,overcast clouds
196,Fleetwood,GB,53.9253,-3.0109,55.04,94,75,1.14,broken clouds
197,Zverinogolovskoye,RU,54.4586,64.8542,34.29,98,100,8.68,light snow
198,Severo-Kurilsk,RU,50.6789,156.125,33.89,95,100,18.1,light snow
199,Nuuk,GL,64.1835,-51.7216,27.88,100,100,8.01,overcast clouds
200,Sept-Iles,CA,50.2001,-66.3821,29.05,87,100,10.36,overcast clouds
201,Doka,SD,13.5167,35.7667,82.27,34,0,8.68,clear sky
202,Lasa,IT,46.6166,10.7002,43.68,87,89,0.45,overcast clouds
203,Umm Lajj,SA,25.0213,37.2685,78.62,63,6,7.72,clear sky
204,Ilulissat,GL,69.2167,-51.1,10.36,96,100,4.56,overcast clouds
205,Dingle,PH,10.9995,122.6711,76.03,92,100,6.93,moderate rain
206,Changping,CN,40.2186,116.2197,31.64,41,0,6.96,clear sky
207,Vilhena,BR,-12.7406,-60.1458,91.62,46,75,11.5,broken clouds
208,Machinga,MW,-15.1685,35.3,72.59,76,100,5.03,light rain
209,Ermoupolis,GR,37.4423,24.9425,59.9,72,0,19.57,clear sky
210,Labuhan,ID,-6.8844,112.2051,80.85,77,100,3.13,moderate rain
211,Vallenar,CL,-28.5708,-70.7581,88.97,13,0,10.76,clear sky
212,Jibuti,DJ,11.5,42.5,74.46,58,0,13.22,clear sky
213,Sao Jose Da Coroa Grande,BR,-8.8978,-35.1478,80.47,75,22,10.51,few clouds
214,Zlynka,RU,52.4267,31.7378,36.59,84,76,3.49,broken clouds
215,Kavieng,PG,-2.5744,150.7967,81.73,73,96,10.16,overcast clouds
216,Altay,CN,47.8667,88.1167,28.24,42,7,7.49,clear sky
217,Hasaki,JP,35.7333,140.8333,54.21,70,100,12.39,light rain
218,Carnarvon,AU,-24.8667,113.6333,70.32,66,1,19.73,clear sky
219,Saldanha,ZA,-33.0117,17.9442,66.25,84,100,12.21,overcast clouds
220,San Isidro,PE,-12.1167,-77.05,67.59,64,100,6.91,overcast clouds
221,Nikolskoye,RU,59.7035,30.7861,35.49,92,100,4.81,overcast clouds
222,Xuddur,SO,4.1213,43.8894,76.51,64,20,7.78,few clouds
223,Longyearbyen,SJ,78.2186,15.6401,33.64,75,75,28.77,broken clouds
224,Hovd,MN,48.0056,91.6419,23.76,41,0,5.32,clear sky
225,Olafsvik,IS,64.8945,-23.7142,44.13,82,63,10.8,light rain
226,Kholodnyy,RU,62.7167,147.95,-22.74,99,100,0.92,overcast clouds
227,Doha,QA,25.2867,51.5333,80.58,61,0,6.91,clear sky
228,Trinidad,BO,-14.8333,-64.9,93.18,59,40,17.27,scattered clouds
229,Patzicia,GT,14.6317,-90.9269,68.74,57,44,2.89,scattered clouds
230,Talara,PE,-4.5772,-81.2719,72.36,60,0,11.5,clear sky
231,Srednekolymsk,RU,67.45,153.6833,-25.98,96,54,6.73,broken clouds
232,Kununurra,AU,-15.7667,128.7333,78.78,89,97,9.22,overcast clouds
233,San Ignacio,BZ,17.1561,-89.0714,84.34,70,75,4.61,broken clouds
234,Madimba,TZ,-10.4,40.3333,77.31,85,16,9.64,few clouds
235,Shiyan,CN,32.6475,110.7781,48.58,82,98,4.5,overcast clouds
236,Panaba,MX,21.2833,-88.2667,91.45,37,1,6.51,clear sky
237,Saint George,US,37.1041,-113.5841,50.43,38,0,6.91,clear sky
238,Praia Da Vitoria,PT,38.7333,-27.0667,68.25,88,75,11.03,broken clouds
239,Severo-Yeniseyskiy,RU,60.3725,93.0408,-6.52,100,100,3.62,overcast clouds
240,Oudtshoorn,ZA,-33.5907,22.2014,61.16,21,100,5.64,overcast clouds
241,Karpathos,GR,35.507,27.2132,62.56,72,61,17.27,broken clouds
242,Nargana,PA,9.4428,-78.5906,81.43,80,76,3.27,moderate rain
243,San Agustin,MX,20.5333,-103.4667,75.51,28,100,5.5,overcast clouds
244,Taywarah,AF,33.35,64.4167,31.95,64,0,2.86,clear sky
245,Kutum,SD,14.2,24.6667,67.86,22,0,12.39,clear sky
246,Ngerengere,TZ,-6.75,38.1167,74.71,74,0,3.06,clear sky
247,Salamanca,ES,40.8333,-6.0,51.8,95,100,6.76,overcast clouds
248,Bengkulu,ID,-3.8004,102.2655,74.77,91,100,8.5,light rain
249,Pundaguitan,PH,6.3711,126.1689,82.33,77,100,8.12,overcast clouds
250,Hambantota,LK,6.1241,81.1185,73.74,100,20,3.44,few clouds
251,Korla,CN,41.7597,86.1469,35.24,52,2,6.04,clear sky
252,Westerland,DE,54.9079,8.3033,44.62,93,0,14.97,clear sky
253,Malpe,IN,13.35,74.7167,74.5,87,8,1.68,heavy intensity rain
254,Bilibino,RU,68.0546,166.4372,-11.27,100,98,2.93,overcast clouds
255,Sao Filipe,CV,14.8961,-24.4956,75.94,74,100,13.13,overcast clouds
256,Nouadhibou,MR,20.931,-17.0347,73.38,68,0,16.11,clear sky
257,Domodossola,IT,46.1165,8.2931,50.72,88,99,1.48,overcast clouds
258,La Roda,ES,39.2167,-2.15,60.4,73,100,11.32,overcast clouds
259,Mizdah,LY,31.4451,12.9801,59.88,39,0,4.09,clear sky
260,Broken Hill,AU,-31.95,141.4333,51.4,72,7,10.33,clear sky
261,Nanortalik,GL,60.1432,-45.2371,32.74,89,100,7.58,overcast clouds
262,Rocha,UY,-34.4833,-54.3333,64.69,94,94,15.1,overcast clouds
263,Zhmerynka,UA,49.037,28.112,39.58,72,100,5.86,overcast clouds
264,Oranjemund,NA,-28.55,16.4333,62.65,85,9,5.93,clear sky
265,Essex,US,40.7834,-74.2163,47.88,47,20,12.66,few clouds
266,Contai,IN,21.7786,87.7536,65.52,50,5,6.2,clear sky
267,Najran,SA,17.4924,44.1277,68.65,35,0,3.15,clear sky
268,Naryan-Mar,RU,67.6713,53.087,3.36,99,75,3.51,broken clouds
269,Kalmunai,LK,7.4167,81.8167,76.75,87,100,4.97,heavy intensity rain
270,Ulaanbaatar,MN,47.9077,106.8832,1.53,78,0,2.24,clear sky
271,Bulgan,MN,48.8125,103.5347,19.29,74,100,4.81,overcast clouds
272,Hailey,US,43.5196,-114.3153,23.0,69,2,3.27,clear sky
273,Padang,ID,-0.9492,100.3543,74.23,94,100,4.59,light rain
274,La Ronge,CA,55.1001,-105.2842,19.65,79,100,4.61,light snow
275,Formosa Do Rio Preto,BR,-11.0483,-45.1931,84.97,54,64,3.15,broken clouds
276,Ponta Do Sol,PT,32.6667,-17.1,72.01,81,100,2.46,overcast clouds
277,Bulaevo,KZ,54.9056,70.4439,33.12,99,100,9.98,light snow
278,Zalantun,CN,48.0,122.7167,18.84,82,2,4.07,clear sky
279,Loubomo,CG,-4.1997,12.6739,72.07,93,100,3.15,overcast clouds
280,Ca Mau,VN,9.1769,105.15,75.97,96,96,4.61,overcast clouds
281,Lensk,RU,60.7253,114.9278,-29.25,100,59,4.05,broken clouds
282,Dawson Creek,CA,55.7666,-120.2362,20.84,93,0,0.0,clear sky
283,Soderhamn,SE,61.3037,17.0592,37.96,85,29,3.13,scattered clouds
284,Mackenzie,CA,55.2999,-123.1698,30.42,86,100,3.44,mist
285,Saint Marys,US,30.7305,-81.5465,70.05,84,100,10.36,overcast clouds
286,Medicine Hat,CA,50.0501,-110.6683,30.22,79,75,11.5,broken clouds
287,Ancud,CL,-41.8697,-73.8203,54.48,97,100,17.4,light rain
288,Sanlucar De Barrameda,ES,36.7781,-6.3515,67.21,88,20,4.61,few clouds
289,Meulaboh,ID,4.1363,96.1285,75.22,92,100,4.32,moderate rain
290,Haverfordwest,GB,51.8017,-4.9691,53.19,80,20,4.0,few clouds
291,San Joaquin,US,37.9333,-121.3011,57.49,75,0,0.0,clear sky
292,Willmar,US,45.1219,-95.0433,30.15,80,100,8.05,overcast clouds
293,Bisira,PA,8.5196,-81.7115,63.45,94,100,0.78,moderate rain
294,Vardo,NO,70.3705,31.1107,30.18,86,0,6.91,clear sky
295,Olinda,BR,-8.0089,-34.8553,82.13,69,75,8.05,broken clouds
296,Kaseda,JP,31.4167,130.3167,63.79,75,100,14.56,overcast clouds
297,Palasa,IN,18.7667,84.4167,68.0,73,0,2.91,clear sky
298,Vanimo,PG,-2.6741,141.3028,76.71,90,100,3.67,light rain
299,Haldibari,IN,26.3333,88.7667,66.79,69,0,2.8,clear sky
300,Gamba,GA,-2.65,10.0,74.79,88,100,5.08,overcast clouds
301,Jennings,US,38.7192,-90.2604,44.02,61,16,3.0,few clouds
302,Espinal,CO,4.1492,-74.8843,85.59,58,57,1.72,broken clouds
303,Bonavista,CA,48.6499,-53.1147,37.92,96,100,28.16,light rain
304,Rolla,US,37.9514,-91.7713,44.96,49,0,9.22,clear sky
305,Hirara,JP,24.8,125.2833,73.92,74,39,15.01,scattered clouds
306,Jacmel,HT,18.2342,-72.5347,87.64,69,21,4.9,light rain
307,Nishihara,JP,26.1842,127.7558,72.68,78,20,11.5,few clouds
308,Jalu,LY,29.0331,21.5482,63.61,35,0,7.43,clear sky
309,Surt,LY,31.2089,16.5887,70.16,53,0,9.24,clear sky
310,Loikaw,MM,19.6742,97.2094,63.97,77,100,2.46,overcast clouds
311,Kirakira,SB,-10.4544,161.9205,79.88,78,74,2.86,broken clouds
312,Dunedin,NZ,-45.8742,170.5036,55.8,92,95,3.0,overcast clouds
313,Kapit,MY,2.0167,112.9333,72.66,100,100,0.74,overcast clouds
314,Saint-Leu,RE,-21.15,55.2833,71.31,73,38,14.47,scattered clouds
315,Mareeba,AU,-17.0,145.4333,72.45,93,100,1.48,overcast clouds
316,Kudahuvadhoo,MV,2.6708,72.8944,81.64,79,100,15.32,overcast clouds
317,Bubaque,GW,11.2833,-15.8333,83.61,71,63,12.44,broken clouds
318,Deputatskiy,RU,69.3,139.9,-20.61,94,100,5.84,overcast clouds
319,Flinders,AU,-34.5833,150.8552,61.18,78,11,8.01,few clouds
320,Osakarovka,KZ,50.565,72.5692,33.37,96,100,25.01,snow
321,Sao Joao Da Barra,BR,-21.6403,-41.0511,84.29,88,100,22.17,light rain
322,Lata,PT,40.1629,-8.3327,60.08,95,100,4.76,overcast clouds
323,Oksfjord,NO,70.2396,22.3479,39.38,91,100,8.88,overcast clouds
324,Egvekinot,RU,66.3167,-179.1667,5.56,98,100,0.58,overcast clouds
325,Salvador,SV,13.8333,-88.9167,83.05,57,22,0.96,few clouds
326,Saint Anthony,US,45.0205,-93.218,30.83,90,100,11.5,snow
327,Jaisalmer,IN,26.9147,70.9181,71.11,50,0,13.53,clear sky
328,Neuquen,AR,-38.9516,-68.0591,76.06,32,33,23.71,scattered clouds
329,Zima,RU,53.9202,102.0442,29.16,94,100,3.85,overcast clouds
330,Coihaique,CL,-45.5752,-72.0662,61.41,54,75,12.66,broken clouds
331,Bari,IT,41.1177,16.8512,62.87,84,20,5.01,few clouds
332,Fortuna,US,40.5982,-124.1573,57.92,83,0,6.91,clear sky
333,Lompoc,US,34.6391,-120.4579,66.02,45,20,3.44,few clouds
334,Aljezur,PT,37.3191,-8.8033,63.46,93,100,5.06,overcast clouds
335,Dudinka,RU,69.4058,86.1778,-32.06,99,25,3.04,scattered clouds
336,Preobrazheniye,RU,42.9019,133.9064,34.61,57,17,6.31,few clouds
337,Gat,IL,31.61,34.7642,70.81,100,14,6.04,few clouds
338,Tautira,PF,-17.7333,-149.15,77.41,82,29,7.67,scattered clouds
339,Whitianga,NZ,-36.8333,175.7,61.43,88,64,6.96,broken clouds
340,Puerto Princesa,PH,9.7392,118.7353,82.38,83,40,4.61,scattered clouds
341,Vigrestad,NO,58.5667,5.7,53.58,75,100,25.84,overcast clouds
342,Limon,CR,10.0,-83.0333,81.05,83,75,6.91,drizzle
343,Maposeni,TZ,-10.5833,35.4,77.18,31,91,4.27,overcast clouds
344,Hayvoron,UA,48.3396,29.8679,41.67,70,99,5.08,overcast clouds
345,Milkovo,RU,54.7167,158.6167,16.72,96,100,3.78,snow
346,Cidreira,BR,-30.1811,-50.2056,78.69,62,3,5.66,clear sky
347,Kiunga,PG,-6.1219,141.2906,73.09,100,100,1.63,overcast clouds
348,Abrau-Dyurso,RU,44.69,37.59,35.06,78,4,8.88,clear sky
349,Tiarei,PF,-17.5333,-149.3333,82.42,82,23,9.69,light rain
350,Ribeira Grande,PT,38.5167,-28.7,67.77,88,75,14.97,broken clouds
351,Korem,ET,12.5058,39.5228,53.53,47,0,4.36,clear sky
352,Sault Sainte Marie,CA,46.5168,-84.3333,34.09,58,75,4.61,broken clouds
353,Novyy Urengoy,RU,66.0833,76.6333,-7.83,83,100,11.25,overcast clouds
354,Danshui,CN,22.7984,114.4672,73.45,82,100,3.04,overcast clouds
355,Laguna,US,38.421,-121.4238,60.64,59,0,1.01,clear sky
356,Kilosa,TZ,-6.8333,36.9833,76.59,58,6,6.58,clear sky
357,Gao,ML,16.6362,1.637,78.69,14,0,12.15,clear sky
358,Prince Rupert,CA,54.3161,-130.3201,40.69,94,75,6.91,broken clouds
359,Palmer,US,42.1584,-72.3287,44.06,39,20,16.11,few clouds
360,Vila Franca Do Campo,PT,37.7167,-25.4333,68.2,92,100,11.65,overcast clouds
361,Cabo Rojo,PR,18.0866,-67.1457,84.97,84,42,6.02,scattered clouds
362,Beausejour,CA,50.0622,-96.5167,24.85,84,100,6.44,overcast clouds
363,Sibu,MY,2.3,111.8167,77.31,88,40,3.44,scattered clouds
364,Vanavara,RU,60.34,102.2797,-5.94,88,48,8.32,scattered clouds
365,Vung Tau,VN,10.346,107.0843,79.74,83,100,13.89,overcast clouds
366,Taicheng,CN,38.731,113.228,34.32,49,0,5.21,clear sky
367,Ucluelet,CA,48.9329,-125.5528,42.1,93,2,2.51,clear sky
368,Igarka,RU,67.4667,86.5833,-24.09,92,13,5.68,few clouds
369,Cabrobo,BR,-8.5142,-39.31,90.84,36,37,8.41,scattered clouds
370,Sao Felix Do Xingu,BR,-6.6447,-51.995,88.77,50,100,3.71,overcast clouds
371,Montepuez,MZ,-13.1256,38.9997,75.72,58,58,9.57,broken clouds
372,Mirnyy,RU,62.5353,113.9611,-22.77,74,14,7.0,few clouds
373,Mutoko,ZW,-17.397,32.2268,64.0,84,100,6.15,overcast clouds
374,Narsaq,GL,60.9167,-46.05,28.24,79,100,6.17,overcast clouds
375,Kabare,CD,-2.4683,28.8242,62.67,94,100,0.56,light rain
376,Sai Buri,TH,6.7013,101.6168,79.97,88,100,2.82,heavy intensity rain
377,Cherskiy,RU,68.75,161.3,-23.87,100,100,2.57,overcast clouds
378,Beira,MZ,-19.8436,34.8389,73.49,94,100,10.49,light intensity drizzle
379,Shelburne,CA,44.0787,-80.2041,33.91,68,100,5.95,overcast clouds
380,Phan Thiet,VN,10.9333,108.1,75.51,86,67,4.45,broken clouds
381,Ostersund,SE,63.1792,14.6357,39.61,100,100,3.44,overcast clouds
382,Tapes,BR,-30.6733,-51.3958,76.98,57,64,14.63,broken clouds
383,Port Macquarie,AU,-31.4333,152.9167,58.89,77,0,5.48,clear sky
384,Vargashi,RU,55.3556,65.8467,32.97,100,100,6.24,light snow
385,Mehamn,NO,71.0357,27.8492,35.55,93,40,10.36,scattered clouds
386,Batagay,RU,67.6333,134.6333,-26.9,100,84,1.88,broken clouds
387,Chicama,PE,-7.8447,-79.1469,64.94,61,24,11.34,few clouds
388,Shebunino,RU,46.4339,141.8603,32.27,88,100,2.95,light snow
389,Rennes,FR,48.1667,-1.6667,48.58,81,0,5.75,clear sky
390,Dakar,SN,14.6937,-17.4441,82.53,69,0,9.22,clear sky
391,Lysa Hora,UA,48.1706,31.1099,40.1,77,64,5.84,broken clouds
392,Boden,SE,65.8252,21.6886,23.0,90,7,4.7,clear sky
393,Acolla,PE,-11.7319,-75.5463,64.71,39,79,10.22,broken clouds
394,Savannah Bight,HN,16.45,-85.85,81.97,70,48,7.11,light rain
395,Hof,DE,50.3167,11.9167,45.45,90,20,10.0,few clouds
396,Vao,NC,-22.6667,167.4833,75.04,66,68,5.21,broken clouds
397,Guider,CM,9.9342,13.9486,81.95,26,16,7.0,few clouds
398,Port Hardy,CA,50.6996,-127.4199,39.38,100,100,4.61,overcast clouds
399,Kruisfontein,ZA,-34.0033,24.7314,63.97,78,69,13.11,broken clouds
400,Brae,GB,60.3964,-1.353,51.44,82,100,26.8,overcast clouds
401,Gemena,CD,3.25,19.7667,74.32,79,100,2.73,overcast clouds
402,Hearst,CA,49.6835,-83.6665,23.25,80,100,7.02,overcast clouds
403,Huarmey,PE,-10.0681,-78.1522,70.0,71,14,9.95,few clouds
404,Den Helder,NL,52.9599,4.7593,46.38,86,20,8.01,few clouds
405,Jumla,NP,29.2747,82.1838,42.37,69,22,3.06,few clouds
406,Polis,CY,35.0367,32.4264,60.62,55,1,3.4,clear sky
407,Namtsy,RU,62.7161,129.6658,-33.32,97,35,5.79,scattered clouds
408,Tual,ID,-5.6667,132.75,82.54,76,100,7.02,overcast clouds
409,Usinsk,RU,65.9939,57.5281,7.95,79,97,11.43,overcast clouds
410,Launceston,AU,-41.45,147.1667,47.34,84,75,5.75,broken clouds
411,Yining,CN,29.0361,114.5636,50.4,94,100,1.86,overcast clouds
412,Uhlove,UA,44.8215,33.6045,47.43,69,63,8.5,broken clouds
413,Nhulunbuy,AU,-12.2333,136.7667,79.41,89,100,0.0,overcast clouds
414,Tongliao,CN,43.6125,122.2653,23.34,81,2,4.25,clear sky
415,Mutare,ZW,-18.9707,32.6709,62.22,98,100,0.96,light rain
416,Kemi,FI,65.8596,24.8228,29.97,100,100,8.05,fog
417,Lagoa,PT,39.05,-27.9833,64.2,89,8,15.08,clear sky
418,West Bay,KY,19.3667,-81.4167,87.87,77,20,12.66,few clouds
419,Beringovskiy,RU,63.05,179.3167,28.49,84,32,14.52,scattered clouds
420,Puerto Colombia,CO,10.9878,-74.9547,75.29,73,93,7.47,overcast clouds
421,Diamantino,BR,-14.4086,-56.4461,96.17,34,56,4.97,moderate rain
422,Aswan,EG,24.0934,32.907,79.9,29,0,9.22,clear sky
423,Mariental,NA,-24.6333,17.9667,81.99,13,0,10.98,clear sky
424,Svetlaya,RU,46.5389,138.3297,26.91,71,100,5.12,overcast clouds
425,Leshukonskoye,RU,64.8989,45.7622,10.92,98,65,2.21,broken clouds
426,San Quintin,MX,30.4833,-115.95,64.15,47,79,5.21,broken clouds
427,Grindavik,IS,63.8424,-22.4338,45.07,87,75,13.8,broken clouds
428,Karasjok,NO,69.4719,25.5112,30.36,98,85,4.81,overcast clouds
429,Rio Gallegos,AR,-51.6226,-69.2181,68.05,30,75,18.41,broken clouds
430,Darhan,MN,49.4867,105.9228,24.66,60,55,6.4,broken clouds
431,Waingapu,ID,-9.6567,120.2641,80.38,82,99,2.33,overcast clouds
432,Shobara,JP,34.85,133.0167,42.69,90,11,1.74,few clouds
433,Uglovskoye,RU,51.3557,80.1942,42.15,73,86,24.96,overcast clouds
434,Poum,NC,-20.2333,164.0167,75.13,80,29,4.34,scattered clouds
435,Dalby,AU,-27.1833,151.2667,55.98,74,0,5.79,clear sky
436,Tara,RU,56.8944,74.371,33.19,99,100,8.3,light snow
437,Islampur,IN,26.2667,88.2,66.13,67,0,3.87,clear sky
438,Sliema,MT,35.9125,14.5019,67.95,82,20,6.91,few clouds
439,Ramnagar,IN,29.4,79.1167,61.63,58,77,4.52,broken clouds
440,Taltal,CL,-25.4,-70.4833,68.63,63,24,5.88,few clouds
441,Houma,US,29.5958,-90.7195,66.99,80,100,9.91,overcast clouds
442,Puerto Escondido,MX,15.85,-97.0667,85.55,68,10,6.49,clear sky
443,Pampa,US,35.5362,-100.9599,28.44,80,100,18.41,overcast clouds
444,Yablonovo,RU,50.8523,37.3574,30.06,70,7,7.36,clear sky
445,Tura,IN,25.5198,90.2201,61.65,88,0,3.44,clear sky
446,Kez,RU,57.8979,53.7152,18.79,84,100,10.67,overcast clouds
447,Veraval,IN,20.9,70.3667,77.29,61,0,1.7,clear sky
448,Folkestone,GB,51.0833,1.1833,57.92,96,64,5.01,broken clouds
449,Minas De Barroteran,MX,27.6333,-101.2833,72.01,31,5,7.02,clear sky
450,Okuchi,JP,32.0667,130.6167,54.55,83,100,2.1,overcast clouds
451,Sechura,PE,-5.5569,-80.8222,76.14,56,27,16.22,scattered clouds
452,Pringsewu,ID,-5.3582,104.9744,72.82,94,100,3.67,light rain
453,Aksu,CN,41.1231,80.2644,36.3,48,8,1.12,clear sky
454,Mahajanga,MG,-15.7167,46.3167,80.62,83,20,8.05,few clouds
455,Buraydah,SA,26.326,43.975,73.85,29,3,9.04,clear sky
456,Geraldton,AU,-28.7667,114.6,68.41,32,0,13.8,clear sky
457,Riyadh,SA,24.6877,46.7219,75.34,28,0,9.33,clear sky
458,Dzaoudzi,YT,-12.7887,45.2699,80.49,78,0,6.91,clear sky
459,Gizo,SB,-8.103,156.8419,81.99,77,64,5.21,broken clouds
460,Kokstad,ZA,-30.5472,29.4241,54.59,88,89,4.56,overcast clouds
461,Mangan,IN,27.5167,88.5333,59.29,66,55,4.81,broken clouds
462,Kawalu,ID,-7.3817,108.2082,72.27,98,100,1.61,overcast clouds
463,Farsund,NO,58.0948,6.8047,50.05,100,100,25.23,overcast clouds
464,Plainfield,US,40.6168,-74.4173,48.25,47,0,6.91,clear sky
465,Mao,ES,39.8885,4.2658,66.76,82,40,9.22,scattered clouds
466,Yakeshi,CN,49.2833,120.7333,0.55,98,20,3.11,few clouds
467,Harper,LR,4.375,-7.7169,78.33,83,100,7.02,overcast clouds
468,Shieli,KZ,44.1667,66.75,45.0,73,100,22.53,overcast clouds
469,Saint-Denis,FR,48.9167,2.3333,56.17,90,75,8.05,broken clouds
470,Oskaloosa,US,41.2964,-92.6444,40.98,75,75,16.11,broken clouds
471,Puerto Carreno,CO,6.189,-67.4859,91.38,58,20,5.75,few clouds
472,Nouakchott,MR,18.0858,-15.9785,78.73,59,0,13.62,clear sky
473,Sakakah,SA,29.9697,40.2064,67.57,71,100,16.84,overcast clouds
474,Qaqortoq,GL,60.7167,-46.0333,29.34,81,100,5.86,overcast clouds
475,Soc Trang,VN,9.6033,105.98,77.29,91,100,6.24,overcast clouds
476,Wagar,SD,16.1525,36.2032,85.1,38,0,11.39,clear sky
477,Maiduguri,NG,11.8464,13.1603,76.42,25,100,8.81,overcast clouds
478,Petropavlovsk-Kamchatskiy,RU,53.0452,158.6483,30.79,80,100,11.18,light shower sleet
479,Urucara,BR,-2.5364,-57.76,99.25,31,100,5.23,light rain
480,Puerto Del Rosario,ES,28.5004,-13.8627,78.55,25,0,8.05,clear sky
481,Arlit,NE,18.7369,7.3853,75.51,14,3,18.57,clear sky
482,Aykhal,RU,66.0,111.5,-20.42,100,36,2.55,scattered clouds
483,Eresos,GR,39.1667,25.9333,53.89,72,11,15.35,few clouds
484,Sioux Lookout,CA,50.1001,-91.917,23.07,63,75,8.05,broken clouds
485,Puerto Madryn,AR,-42.7692,-65.0385,71.71,35,58,6.38,broken clouds
486,Anadyr,RU,64.75,177.4833,27.1,80,0,13.42,clear sky
487,Cabildo,AR,-38.4842,-61.8954,78.35,25,8,17.78,clear sky
488,Plettenberg Bay,ZA,-34.0527,23.3716,68.38,57,98,9.46,overcast clouds
489,Turbat,PK,26.0023,63.044,77.92,25,0,7.18,clear sky
490,Mosquera,CO,4.7059,-74.2302,62.69,77,75,9.22,broken clouds
491,Kibala,TD,9.1104,18.3463,80.55,50,0,3.44,clear sky
492,Nalut,LY,30.3333,10.85,62.92,29,0,5.5,clear sky
493,Anloga,GH,5.7947,0.8973,82.24,76,37,11.79,scattered clouds
494,Chokurdakh,RU,70.6333,147.9167,-16.55,98,100,10.29,overcast clouds
495,San Francisco Del Mar,MX,16.2333,-94.65,86.94,53,6,3.98,clear sky
496,Cartagena,CO,10.3997,-75.5144,83.82,74,40,8.05,scattered clouds
497,Strezhevoy,RU,60.7333,77.5889,17.01,93,100,13.02,light snow
498,Kargasok,RU,59.0556,80.8572,25.05,97,100,9.6,overcast clouds
499,Paamiut,GL,61.994,-49.6678,31.08,91,100,19.28,overcast clouds
500,Batagay-Alyta,RU,67.8006,130.4114,-15.16,98,93,3.24,overcast clouds
501,Samandag,TR,36.0842,35.9771,66.36,49,1,3.18,clear sky
502,Novobureyskiy,RU,49.798,129.8774,14.32,96,87,0.4,overcast clouds
503,Palora,EC,-1.7,-77.9333,80.71,86,40,2.39,moderate rain
504,Sanok,PL,49.5557,22.2056,43.09,100,56,4.03,broken clouds
505,Mount Isa,AU,-20.7333,139.5,71.37,30,100,12.66,overcast clouds
506,Keti Bandar,PK,24.1447,67.4497,79.27,72,0,8.39,clear sky
507,Canutama,BR,-6.5339,-64.3831,86.11,64,100,5.7,overcast clouds
508,Port-Gentil,GA,-0.7193,8.7815,78.76,89,40,4.61,scattered clouds
509,Pevek,RU,69.7008,170.3133,-3.91,98,100,3.2,overcast clouds
510,Zhigansk,RU,66.7697,123.3711,-31.7,100,61,1.34,broken clouds
511,La Rioja,ES,42.25,-2.5,46.18,72,100,4.76,overcast clouds
512,Srandakan,ID,-7.9386,110.2506,74.39,92,100,2.28,overcast clouds
513,Havelock,US,34.8791,-76.9013,55.0,66,100,4.0,overcast clouds
514,Fuerte,PH,17.5381,120.3644,78.64,78,10,5.61,clear sky
515,Namibe,AO,-15.1961,12.1522,67.71,79,4,12.03,clear sky
516,Sherghati,IN,24.5667,84.7833,56.82,51,0,4.34,clear sky
517,Dalnerechensk,RU,45.9339,133.7225,19.72,86,88,2.98,overcast clouds
518,Rovaniemi,FI,66.5,25.7167,27.81,100,100,5.75,overcast clouds
519,Neyshabur,IR,36.2133,58.7958,48.74,47,0,1.23,clear sky
520,Touros,BR,-5.1989,-35.4608,82.13,68,39,12.1,scattered clouds
521,Kayerkan,RU,69.3497,87.7602,-22.0,84,32,3.74,scattered clouds
522,Shimoda,JP,34.6667,138.95,52.11,82,100,12.44,overcast clouds
523,San Francisco,US,37.7749,-122.4194,59.27,64,40,5.01,scattered clouds
524,Zhuhai,CN,22.2769,113.5678,74.98,88,20,10.36,few clouds
525,Carupano,VE,10.6678,-63.2585,83.12,75,74,9.69,light rain
526,Belmonte,BR,-15.8631,-38.8828,80.46,73,100,10.04,overcast clouds
527,Miandrivazo,MG,-19.5167,45.4667,79.11,72,9,4.47,clear sky
528,Shingu,JP,33.7333,135.9833,50.16,74,26,6.26,scattered clouds
529,Liepaja,LV,56.5419,21.0367,39.18,100,100,8.05,mist
530,Zemio,CF,5.0314,25.1361,73.4,54,100,2.13,overcast clouds
531,Beyneu,KZ,45.3167,55.2,40.69,80,100,23.49,overcast clouds
532,Catuday,PH,16.2923,119.8062,79.23,79,100,8.32,overcast clouds
533,Cabo San Lucas,MX,22.8909,-109.9124,81.18,63,21,4.83,few clouds
534,Tommot,RU,58.9564,126.2925,-28.66,100,51,1.63,broken clouds
535,Williamsburg,US,37.2707,-76.7075,52.18,49,100,3.0,overcast clouds
536,Wanaka,NZ,-44.7,169.15,55.26,77,74,5.68,broken clouds
537,Raudeberg,NO,61.9875,5.1352,45.27,75,100,4.18,overcast clouds
538,Porto Velho,BR,-8.7619,-63.9039,91.45,52,40,6.91,scattered clouds
539,Bad Lippspringe,DE,51.7833,8.8167,49.66,83,1,3.0,clear sky
540,Develi,TR,38.3906,35.4922,33.15,59,0,1.81,clear sky
541,Onega,RU,63.9061,38.1404,29.7,92,92,5.12,overcast clouds
542,Kodinsk,RU,58.6881,99.1844,-3.23,99,31,2.64,scattered clouds
543,Okhotsk,RU,59.3833,143.3,9.28,87,100,6.42,overcast clouds
544,Garoua,CM,9.3,13.4,83.88,25,8,5.75,clear sky
545,Nemuro,JP,43.3236,145.575,37.9,62,34,4.65,scattered clouds
546,Pokhara,NP,28.2333,83.9833,57.45,58,0,4.68,clear sky
547,Lahij,YE,13.1667,44.5833,72.21,75,0,4.97,clear sky
548,Corrales,US,35.2378,-106.6067,48.04,51,72,11.01,broken clouds
549,Maniitsoq,GL,65.4167,-52.9,28.51,93,100,17.13,light snow
550,Hede,CN,33.7681,120.2517,44.06,58,50,6.02,scattered clouds
551,Gidam,IN,18.9833,81.4,59.54,70,0,3.0,clear sky
552,Okitipupa,NG,6.5047,4.7839,77.09,85,92,3.31,overcast clouds
553,Almaznyy,RU,48.0448,40.045,33.28,73,6,8.14,clear sky
554,Teguise,ES,29.0605,-13.564,79.02,20,0,9.22,clear sky
555,La Cruz,MX,23.9167,-106.9,78.33,56,7,5.84,clear sky
556,Tongren,CN,27.7172,109.1853,50.36,82,97,0.54,overcast clouds
557,Aklavik,CA,68.2191,-135.0107,16.34,93,100,13.38,light snow
558,Taganak,PH,6.0833,118.3,81.77,78,99,5.23,overcast clouds
559,Belaya Gora,RU,68.5333,146.4167,-28.39,97,93,3.53,overcast clouds
560,Ust-Kuyga,RU,70.0167,135.6,-14.26,98,100,6.38,overcast clouds
561,Male,MV,4.1748,73.5089,82.35,83,75,11.5,light rain
562,Blackfoot,US,43.1905,-112.345,25.54,83,36,2.17,scattered clouds
563,Kailua,US,21.4022,-157.7394,79.45,74,8,5.01,clear sky
564,Beisfjord,NO,68.3751,17.5988,35.65,95,94,3.58,overcast clouds
565,Westport,US,41.1415,-73.3579,47.89,45,3,5.99,clear sky
566,Elizabeth City,US,36.2946,-76.2511,54.05,58,100,1.99,overcast clouds
567,Coquimbo,CL,-29.9533,-71.3436,68.5,58,1,10.07,clear sky
568,Tambopata,PE,-12.7333,-69.1833,94.03,43,100,3.74,light rain
569,Fairbanks,US,64.8378,-147.7164,27.61,95,100,0.0,light snow
570,Omboue,GA,-1.5746,9.2618,76.37,86,100,4.27,overcast clouds
571,Bud,US,39.447,-86.1758,43.68,57,11,7.07,few clouds
572,Bintulu,MY,3.1667,113.0333,76.01,92,100,3.98,moderate rain
573,Bandarbeyla,SO,9.4942,50.8122,79.36,70,0,15.52,clear sky
574,Marigot,MF,18.0667,-63.0833,82.04,77,100,19.86,overcast clouds
575,Tabuk,PH,17.4189,121.4443,73.17,95,34,3.09,scattered clouds
576,Isangel,VU,-19.55,169.2667,76.46,80,0,7.49,clear sky
577,Yerbogachen,RU,61.2767,108.0108,-19.3,95,10,5.53,clear sky
578,Tahe,CN,52.3333,124.7333,7.2,97,60,2.89,broken clouds
579,Cedar City,US,37.6775,-113.0619,32.4,66,4,10.98,clear sky
580,Atherton,GB,53.5237,-2.4935,54.21,93,100,5.08,overcast clouds
581,Larsnes,NO,62.2028,5.5773,53.01,93,100,3.65,overcast clouds
582,Panama City,PA,8.9936,-79.5197,84.13,82,40,8.05,scattered clouds
583,Katherine,AU,-14.4667,132.2667,79.12,83,100,2.3,overcast clouds
584,Kimbe,PG,-5.5502,150.1429,74.16,90,78,3.36,broken clouds
585,Komsomolskiy,UZ,40.4272,71.7189,41.72,81,13,0.0,mist
586,Innisfail,AU,-17.5333,146.0333,73.29,84,100,3.02,overcast clouds
587,Mayumba,GA,-3.432,10.6554,77.38,82,70,6.89,broken clouds
588,Peniche,PT,39.3558,-9.3811,63.28,93,100,12.37,overcast clouds
589,Goure,NE,13.9835,10.2704,73.38,19,1,9.64,clear sky
590,Awbari,LY,26.5921,12.7805,62.74,33,0,6.46,clear sky
591,Novoseleznevo,RU,55.6821,69.2056,33.55,100,100,3.67,light snow
592,Cockburn Town,TC,21.4612,-71.1419,81.1,73,0,9.98,clear sky
593,Zomin,UZ,39.9606,68.3958,48.47,45,100,2.13,overcast clouds
594,Coolum Beach,AU,-26.5333,153.1,68.11,95,52,4.18,broken clouds
595,Fort Nelson,CA,58.8053,-122.7002,27.95,89,98,5.01,overcast clouds
596,Carutapera,BR,-1.195,-46.02,84.02,66,99,10.11,overcast clouds
597,Hualmay,PE,-11.0964,-77.6139,69.19,70,12,10.0,few clouds
598,Kropotkin,RU,45.4375,40.5756,41.4,64,0,5.37,clear sky
599,Goderich,CA,43.7501,-81.7165,34.92,69,100,6.06,light snow
600,Poya,NC,-21.35,165.15,72.41,87,16,3.42,few clouds
601,Talcahuano,CL,-36.7167,-73.1167,65.88,63,40,10.36,scattered clouds
602,Naze,JP,28.3667,129.4833,65.1,72,83,12.28,broken clouds
603,Merauke,ID,-8.4667,140.3333,79.11,86,100,8.28,moderate rain
604,Jinxi,CN,30.4323,116.2922,46.83,85,11,0.72,few clouds
605,Dhidhdhoo,MV,6.8833,73.1,82.0,73,100,8.43,overcast clouds
606,Muisne,EC,0.6,-80.0333,76.87,74,67,9.6,broken clouds
607,Valparaiso,CL,-33.0393,-71.6273,85.64,48,0,16.11,clear sky
608,Neiafu,TO,-18.65,-173.9833,75.87,91,100,13.87,moderate rain
609,Buala,SB,-8.145,159.5921,78.66,79,67,3.09,broken clouds
610,Spornoye,RU,50.8448,37.2913,30.38,70,7,7.43,clear sky
611,Ouro Preto Do Oeste,BR,-10.7481,-62.2158,95.56,37,54,4.92,broken clouds
612,Urozhaynoye,RU,44.7883,44.9228,40.89,66,5,7.16,clear sky
613,Santa Cruz,BO,-17.8,-63.1667,82.45,54,75,11.5,broken clouds
614,Porto Novo,BJ,6.4965,2.6036,80.55,78,3,7.99,clear sky
615,Boundiali,CI,9.5217,-6.4869,77.09,67,68,4.5,light rain
616,Japura,ID,-0.3167,102.35,74.17,96,100,2.73,moderate rain
617,Ishigaki,JP,24.3448,124.1572,74.64,75,100,14.18,overcast clouds
618,Pacifica,US,37.6138,-122.4869,59.83,71,40,7.0,scattered clouds
619,Barreirinhas,BR,-2.7469,-42.8264,84.74,61,98,13.69,overcast clouds
620,Mabaruma,GY,8.2,-59.7833,80.64,87,100,5.01,moderate rain
621,Pervomayskoye,RU,43.919,46.7102,43.97,60,6,8.9,clear sky
622,High Level,CA,58.5169,-117.136,19.51,100,75,5.75,smoke
623,Robertsport,LR,6.7533,-11.3686,79.92,81,96,9.44,light rain
624,Hokitika,NZ,-42.7167,170.9667,57.58,75,100,1.86,overcast clouds
625,Aranos,NA,-24.1333,19.1167,80.04,15,0,11.68,clear sky
626,Ginir,ET,7.1333,40.7,56.43,38,1,5.32,clear sky
627,Calamar,CO,10.2511,-74.9146,85.73,69,70,6.89,light rain
628,Kampong Chhnang,KH,12.1667,104.55,75.29,90,100,1.34,overcast clouds
629,Sal Rei,CV,16.1833,-22.9167,77.2,73,40,16.11,scattered clouds
630,Pithapuram,IN,17.1167,82.2667,71.1,80,58,4.61,broken clouds
631,Cancun,MX,21.1743,-86.8466,86.05,58,0,8.43,clear sky
632,Reinosa,ES,42.9996,-4.138,46.45,82,100,10.27,overcast clouds
633,Arona,ES,28.0996,-16.681,73.98,47,0,3.44,clear sky
634,Ortona,IT,42.3496,14.4039,55.38,88,37,4.18,scattered clouds
635,Batticaloa,LK,7.7102,81.6924,77.02,84,100,3.18,light rain
636,Kapuskasing,CA,49.4169,-82.4331,25.75,81,100,8.21,light snow
637,Mana,GF,5.6592,-53.7767,81.39,82,41,12.21,moderate rain
638,Warri,NG,5.5167,5.75,79.92,79,100,5.88,light rain
639,Mananjary,MG,-21.2167,48.3333,72.68,85,100,5.59,light rain
640,Tanout,NE,14.9709,8.8879,74.34,16,0,10.65,clear sky
641,Luanda,AO,-8.8368,13.2343,76.42,73,98,13.62,overcast clouds
642,Caxito,AO,-8.5785,13.6643,76.19,73,39,6.26,scattered clouds
643,Tessaoua,NE,13.7574,7.9874,76.26,18,5,11.16,clear sky
644,Rialma,BR,-15.315,-49.5844,79.7,64,65,4.68,broken clouds
645,Royal Leamington Spa,GB,52.3,-1.5333,54.68,96,100,8.86,overcast clouds
646,Vestmannaeyjar,IS,63.4427,-20.2734,46.18,85,21,16.08,few clouds
647,Yaan,NG,7.3833,8.5667,80.46,31,33,3.29,scattered clouds
648,Khandyga,RU,62.6667,135.6,-14.1,98,100,5.79,overcast clouds
649,Maltahohe,NA,-24.8333,16.9833,74.34,20,0,14.43,clear sky
650,Carballo,ES,43.213,-8.691,62.76,85,100,14.0,overcast clouds
651,Naron,ES,43.5167,-8.1528,62.02,79,100,19.93,overcast clouds
652,Muncar,ID,-8.4333,114.3333,75.22,94,100,1.79,overcast clouds
653,Kiruna,SE,67.8557,20.2251,23.92,93,40,5.75,scattered clouds
654,Palomares,MX,17.15,-95.0667,81.77,66,39,4.9,scattered clouds
655,Santa Maria,BR,-29.6842,-53.8069,78.1,41,75,17.27,broken clouds
656,Moranbah,AU,-22.0016,148.0466,73.44,76,1,7.85,clear sky
657,Black River,JM,18.0264,-77.8487,84.76,65,4,6.71,clear sky
658,Palu,ID,-0.8917,119.8707,75.94,98,100,1.97,overcast clouds
659,Kundiawa,PG,-6.0167,144.9667,61.93,96,100,2.1,overcast clouds
660,Flagstaff,US,35.1981,-111.6513,44.17,39,0,3.44,clear sky
661,Itarema,BR,-2.9248,-39.9167,83.53,67,100,16.28,overcast clouds
662,Kelso,US,46.1468,-122.9084,52.72,83,0,9.22,clear sky
663,Ndjole,GA,-0.1783,10.7649,75.42,96,100,1.48,moderate rain
664,Rapid Valley,US,44.0625,-103.1463,37.76,51,100,3.0,overcast clouds
665,Vizinga,RU,61.0749,50.1031,19.36,79,100,10.63,overcast clouds
666,Moen,NO,69.1304,18.6123,32.72,100,75,4.61,broken clouds
667,Makakilo City,US,21.3469,-158.0858,77.99,75,6,13.89,clear sky
668,Celestun,MX,20.8667,-90.4,85.06,57,5,6.44,clear sky
669,Santiago,CL,-33.4569,-70.6483,87.55,22,6,6.78,clear sky
670,Qasigiannguit,GL,68.8193,-51.1922,26.85,92,100,7.31,overcast clouds
671,Muros,ES,42.7762,-9.0603,62.83,75,100,21.54,overcast clouds
672,Poltavka,RU,54.3663,71.7632,34.36,98,100,14.38,overcast clouds
673,Cumberland,US,35.0502,-78.8664,56.48,46,0,9.22,clear sky
674,Santa Ana,US,33.7456,-117.8678,71.4,50,20,6.91,few clouds
675,Dankaur,IN,28.35,77.55,68.31,39,6,6.53,clear sky
676,Labytnangi,RU,66.6572,66.4183,0.3,87,100,9.04,overcast clouds
677,Broome,US,42.2506,-75.833,37.62,71,100,8.05,overcast clouds
678,Ganzhou,CN,28.8184,115.4327,52.32,89,83,2.55,broken clouds
679,Nyurba,RU,63.2842,118.3319,-29.72,100,88,2.44,overcast clouds
680,Taksimo,RU,56.3444,114.8794,9.5,93,100,0.49,overcast clouds
681,Karratha,AU,-20.7377,116.8463,73.74,68,0,8.05,light rain
682,Bafoulabe,ML,13.8065,-10.8321,90.81,26,100,3.67,overcast clouds
683,Lulea,SE,65.5842,22.1547,23.07,100,0,8.05,clear sky
684,Sainte-Suzanne,RE,-20.9061,55.6089,72.46,80,75,20.71,broken clouds
685,Belaya,UA,49.029,25.7706,42.46,84,78,7.43,broken clouds
686,Lilongwe,MW,-13.9669,33.7873,73.17,63,99,7.43,overcast clouds
687,Liberal,US,37.0431,-100.921,27.64,80,100,16.11,overcast clouds
688,Lashio,MM,22.9333,97.75,57.18,96,0,1.81,clear sky
689,Devils Lake,US,48.1128,-98.8651,21.31,86,100,3.44,mist
690,Dakoro,NE,14.5106,6.765,76.57,16,4,10.25,clear sky
691,Novikovo,RU,51.1537,37.8879,30.79,68,0,7.61,clear sky
692,Quatre Cocos,MU,-20.2078,57.7625,71.71,70,79,17.65,broken clouds
693,Eyl,SO,7.9803,49.8164,78.94,73,96,14.56,overcast clouds
694,Yamada,JP,39.4667,141.95,42.87,73,92,5.7,overcast clouds
695,Ankang,CN,32.68,109.0172,48.02,86,97,1.25,overcast clouds
